"","baseMean","log2FoldChange","lfcSE","stat","pvalue","padj"
"ENSG00000005073.6",71.148518187143,4.13180643873961,1.14871265666264,3.59690164008793,0.000322030184828298,0.0299761907081498
"ENSG00000006555.11",1394.65157225743,1.37149052103434,0.366131076991441,3.74590032701978,0.000179747953721803,0.0214810578580987
"ENSG00000006611.17",4384.16989685181,1.93602347648159,0.554714103649301,3.49012845309874,0.000482788427333119,0.0363979914347809
"ENSG00000011426.11",1318.21149517823,2.13529173653904,0.590474071937703,3.61623285088854,0.000298921508186163,0.0286460203717653
"ENSG00000016490.16",288.233668318235,6.75083497013075,1.83112863283952,3.68670712098597,0.000227174555045584,0.0246709763806845
"ENSG00000019102.12",4395.370165196,2.81094172320221,0.768527211052203,3.65756954702191,0.000254618184981804,0.0260005069716307
"ENSG00000019186.10",171.157832555501,3.98084081406844,1.19598539101085,3.32850287636358,0.000873141033755232,0.0488655432940275
"ENSG00000043355.12",75.1033824148659,8.04098353220483,1.48290696450413,5.42244640067062,5.87888453302136e-08,0.000134072860845996
"ENSG00000053747.17",12974.3769113397,2.38133938192549,0.626205455370619,3.8028084257364,0.000143064986531894,0.0192869925439327
"ENSG00000060140.9",577.59397932326,2.73985411833868,0.589642974491706,4.64663234680366,3.37397702510613e-06,0.00236758023707896
"ENSG00000064270.13",882.619936129208,2.22740224280871,0.601609877794886,3.70240304393427,0.000213566986657862,0.0236627033354887
"ENSG00000069764.10",266.421750260774,3.03170337842148,0.800831737454727,3.7856933443436,0.000153280602864528,0.0196344179961166
"ENSG00000074211.14",765.390228829196,3.89960220656824,0.864874343087985,4.5088656378046,6.51751671181801e-06,0.00339357352609212
"ENSG00000076356.7",4097.65708177064,1.56562004816957,0.356302908225583,4.39407035987016,1.11247783535738e-05,0.00461290620003415
"ENSG00000079385.23",3471.17532352485,1.89632889680625,0.548293622504231,3.45860104690825,0.000542988549399482,0.0384973254699886
"ENSG00000086159.13",73.8087578987004,3.40283705890539,0.919773298009219,3.69964758301918,0.000215899061794319,0.0237289543137555
"ENSG00000088836.14",995.377192029728,2.64424185601113,0.636993066058081,4.1511313025345,3.30835888355769e-05,0.00887306387478001
"ENSG00000089356.18",205.439380307599,3.64100046281153,0.686655875646929,5.30251118783653,1.14220464201942e-07,0.000240451649524196
"ENSG00000090402.8",133.068440479922,23.2374410175026,2.11245857186648,11.0001878034328,3.81336893321519e-28,1.043604675953e-23
"ENSG00000092607.15",264.738167200552,2.86229986539528,0.802131222971091,3.56836859534446,0.000359210930710723,0.0310111215796856
"ENSG00000094804.12",535.067093957799,1.6515324752458,0.481153342251827,3.4324451899607,0.000598164774538808,0.0400243896938962
"ENSG00000095539.15",1469.19086604585,1.82163443474585,0.520018008836564,3.50302182576598,0.00046001176880478,0.0355686663832264
"ENSG00000099812.9",7360.0531949384,2.3206093460891,0.591265745708962,3.92481614727495,8.67960019955016e-05,0.0145726759914779
"ENSG00000099834.19",2314.61659471419,2.83151347171283,0.844355759683172,3.35346024379025,0.000798078780293968,0.0462751333398708
"ENSG00000100994.12",15702.9647049526,1.59788687753288,0.437260417623938,3.65431402690361,0.000257870497429684,0.0261375626042895
"ENSG00000101188.5",625.086450586711,4.68988090674846,1.1415508151388,4.10834177905451,3.9851007071624e-05,0.0100981713937883
"ENSG00000101213.7",2612.55323666606,2.30380327540809,0.657783823469589,3.50237143755877,0.000461136266480774,0.0355686663832264
"ENSG00000101842.14",3227.28747822287,3.71326690208533,1.05746904458093,3.51146628935778,0.00044564197869807,0.0350547082827314
"ENSG00000103269.14",187.346036435756,2.41199390691443,0.655359089145899,3.68041573980134,0.000232853996428438,0.0247957794562532
"ENSG00000103355.13",123.949150450922,5.13626324347156,1.20132306311807,4.27550539997146,1.90704178344393e-05,0.00644321141821112
"ENSG00000103460.17",1036.15881292264,2.26290274607856,0.55524408834406,4.07550984077535,4.59136404675779e-05,0.010907099954523
"ENSG00000104369.5",395.323122685606,2.57254886569507,0.57976400514102,4.43723453488516,9.11219932835262e-06,0.00437497471963204
"ENSG00000104413.18",4019.38201047102,1.5921250583607,0.451070309498104,3.52966050931666,0.00041609322063489,0.03369000937608
"ENSG00000104827.12",15.7447742772922,6.50893241496436,1.86725989712816,3.48582027867416,0.000490630508232316,0.0366860249147371
"ENSG00000105219.10",54.1810605617529,3.402312093923,0.984466961957038,3.45599418304449,0.0005482671527329,0.0387711296352488
"ENSG00000105523.3",2522.2444633882,2.60416875155497,0.670213805958796,3.88557909192798,0.000102086249304377,0.0160864243512151
"ENSG00000106089.12",1727.73101138478,1.8816996151854,0.534198478833079,3.52247280691597,0.000427540900350512,0.0342120228651826
"ENSG00000106384.12",76.6724355149011,4.96752518569842,1.17058286337877,4.24363395459264,2.19928989547879e-05,0.00718744815121287
"ENSG00000106789.13",3192.88198888754,1.95568681490076,0.51299108218249,3.81232127190284,0.000137667772536871,0.0188377696550828
"ENSG00000107159.13",3557.91938355831,3.70216146204767,1.03610513700195,3.57315230842321,0.00035270946875745,0.0309019725893433
"ENSG00000108602.18",706.084644810094,4.00321732002857,0.962251958460747,4.16025894759649,3.17886970276234e-05,0.00884445613590719
"ENSG00000109255.11",490.774994256459,3.70111468339755,0.894828365059182,4.13611685538463,3.53232362055011e-05,0.00911972646449009
"ENSG00000110245.12",67.5247754168029,21.8569326656477,2.14277231406483,10.200305707789,1.97649383911029e-24,2.70453534474656e-20
"ENSG00000110723.12",535.96932340748,1.38034118070804,0.400660939353635,3.4451603466384,0.000570720726073243,0.0392832874029999
"ENSG00000111261.14",2733.33843276484,1.30324897946261,0.380362279686315,3.42633601980039,0.000611783036005295,0.0404412230588331
"ENSG00000111291.8",69.664942807804,2.65296620869523,0.654735712564529,4.05196502616888,5.07892585449957e-05,0.0113930298245975
"ENSG00000111700.13",89.7517506983185,6.41391995408728,1.5223835538277,4.21307753749762,2.5191453573555e-05,0.00766016122163866
"ENSG00000111701.7",272.062086465195,3.86886940526314,1.10983996186973,3.48597053465737,0.000490355012830533,0.0366860249147371
"ENSG00000112761.21",186.292510065822,4.9437432159506,1.31140603036078,3.76980363174825,0.000163376040585348,0.0200774129860196
"ENSG00000113303.12",539.236526412635,3.65831218775042,1.08586526762701,3.36902956270542,0.000754333377618258,0.0450738898368534
"ENSG00000114248.10",206.163910900244,5.30733158852606,1.075048475661,4.93683002086283,7.94026187695549e-07,0.000905421444944337
"ENSG00000114346.14",1659.4781338194,1.6470447814228,0.466193912887359,3.53296071847415,0.000410933524685682,0.0335702022987255
"ENSG00000114771.14",539.398831934023,3.79710880250712,0.957161096264237,3.96705300427179,7.27668139521849e-05,0.0131013776146674
"ENSG00000115507.10",107.590656722871,2.25032591518165,0.614404222524081,3.6626146642302,0.000249653941833746,0.0257605746189008
"ENSG00000115616.3",564.737539475098,3.67734683044833,0.909311388131953,4.04410071010207,5.25243395475137e-05,0.0114082031777524
"ENSG00000115648.14",9777.54890446031,2.27539975467727,0.547594666844842,4.15526281106385,3.2491385251784e-05,0.00887306387478001
"ENSG00000117472.10",14260.4952620532,2.87654616974365,0.609377674374032,4.72046530536011,2.35305743297821e-06,0.00192379007701236
"ENSG00000117650.13",411.826437896486,1.98951328297205,0.53341465916935,3.72976866828179,0.00019165564985679,0.0220379839060117
"ENSG00000117983.17",16695.0330612383,4.78862749035384,1.00132728303801,4.78228005115891,1.73317984593957e-06,0.00151487975327237
"ENSG00000119946.11",438.18736717204,2.54348408424198,0.665861532829912,3.81983934922952,0.000133538621487556,0.0185097749309435
"ENSG00000121057.13",4071.54289085539,1.08198743186049,0.320353691198002,3.37747764920162,0.000731538979465653,0.0442920956881339
"ENSG00000121075.11",12.3201676405778,3.69621427480186,1.11360577499485,3.31914072088837,0.000902949143528562,0.0497203404646804
"ENSG00000121957.15",426.857897248426,1.21033750966403,0.353999030019036,3.41904188155245,0.00062842053126165,0.0410453094965097
"ENSG00000122133.17",131.246687785882,4.55569595489753,1.19075962461779,3.82587372019757,0.000130309080047386,0.0184159091793983
"ENSG00000123843.13",730.472354186997,2.7279419900973,0.802614076984157,3.3988215112643,0.000676768669868509,0.0423824443667997
"ENSG00000124102.5",1715.62854843923,3.74171278467986,0.963293839228772,3.88429016391876,0.000102629283623924,0.0160864243512151
"ENSG00000124635.9",102.28960837608,2.66337204321633,0.74448581475531,3.57746513154411,0.0003469424830127,0.0306283062342212
"ENSG00000124664.11",1620.4317840592,4.03344178055138,0.834554345428286,4.83304868358387,1.34457889144572e-06,0.0013481516078191
"ENSG00000126233.2",11.4057719291735,6.04158871498463,1.81162362850226,3.33490280206791,0.000853292192293722,0.048448231175316
"ENSG00000128298.17",2363.7394918834,2.97484517277596,0.695185612691109,4.27920992389376,1.87557902821208e-05,0.00641612140813499
"ENSG00000128408.9",70.4932922048203,2.12796951312127,0.594680537909711,3.57834060048617,0.000345782652086179,0.0306283062342212
"ENSG00000128710.6",14.6896605528209,4.89527790328529,1.47570675234689,3.31724300610544,0.000909105082014714,0.049858674908811
"ENSG00000130720.13",560.021855630991,5.33985269889581,1.07512414110395,4.96673127757393,6.80908367605185e-07,0.000810192143315265
"ENSG00000130762.15",3074.05642605664,1.6257152547659,0.483643289137527,3.36139318228731,0.000775503459340844,0.0455433544458817
"ENSG00000131187.10",330.838482135501,2.12819138942461,0.62876833232284,3.38469875154574,0.000712564108895598,0.0438920161855157
"ENSG00000132437.18",472.141321399481,3.91847698509971,0.864360450108646,4.53338301701238,5.80464200433538e-06,0.00317711275465293
"ENSG00000132911.5",230.974505672201,4.04036274687202,1.21760451965898,3.31828823040476,0.000905709716099154,0.0497722044186457
"ENSG00000133710.16",464.010823819326,3.20256412097414,0.82377375336202,3.8876743862058,0.000101209271142168,0.0160864243512151
"ENSG00000134398.15",4480.94082258481,3.8293330609769,0.838499717353193,4.56688652569207,4.95021806960201e-06,0.00288239612576166
"ENSG00000134762.17",275.865850657439,3.30077571986464,0.99227446259366,3.32647452322505,0.000879520595043091,0.0491221227031516
"ENSG00000135750.15",3055.80632294404,2.10932858758281,0.508314266738364,4.1496545062909,3.32977470561777e-05,0.00887306387478001
"ENSG00000135773.13",826.043748305219,3.46787119647687,0.975049736411828,3.55660954203074,0.000375671874643007,0.031928609296134
"ENSG00000136379.12",3859.86351470091,2.24122386695189,0.532551626334199,4.20846309752028,2.57113508400593e-05,0.00769746756342823
"ENSG00000136542.9",3725.95474647061,2.64612612246958,0.73796679954221,3.58569806136411,0.000336177743767677,0.0303617585746829
"ENSG00000137251.16",95.3310612704099,4.76594723867387,1.12649773385267,4.23076504767935,2.32897838951846e-05,0.00741129669604091
"ENSG00000137440.5",561.363064262468,4.48155522785094,1.01670047663978,4.40794052016437,1.04358193335191e-05,0.00460640431774867
"ENSG00000137460.9",924.283805821863,1.56593808401136,0.467546999674694,3.34926346463756,0.00081026707034329,0.0468807165202639
"ENSG00000137860.12",63.6450522255519,4.64952972614007,1.14535896241917,4.05945199600968,4.91880184316136e-05,0.011278303558399
"ENSG00000138162.19",2788.00261543617,1.44129327177901,0.37720336553616,3.82099791111447,0.000132912778079806,0.0185097749309435
"ENSG00000139800.8",25.304079603988,6.471067244783,1.6558911234526,3.90790623437281,9.30994215258208e-05,0.0153485052343201
"ENSG00000139874.6",666.512750685818,3.0846796645738,0.861622370066249,3.58008307553183,0.000343484987356102,0.0306283062342212
"ENSG00000140284.11",288.488656776055,2.31543902297593,0.671038788748486,3.45052933123929,0.000559488367288924,0.0389766822748823
"ENSG00000141232.5",5272.68452330023,1.54600737960901,0.382248955854801,4.04450386568556,5.24340432838104e-05,0.0114082031777524
"ENSG00000142623.11",3161.21354127123,3.78209287647559,1.12061813682101,3.37500594734678,0.000738140956512193,0.0444949417552184
"ENSG00000143375.15",7325.32027408602,1.65584006944147,0.493772166779576,3.35344958838202,0.00079810950913213,0.0462751333398708
"ENSG00000143590.14",327.684066587455,2.27297262523232,0.667626868137972,3.40455534926523,0.000662718683378216,0.0419829217778047
"ENSG00000143776.18",5189.4028826778,1.04752727813559,0.301497853366588,3.4744104027232,0.000511977313583813,0.0373706334547529
"ENSG00000143850.16",5488.85139186141,1.51151564398002,0.401911769738848,3.76081458117577,0.000169360937960543,0.0205995590629608
"ENSG00000144452.15",225.690875423775,4.21972700293501,0.861169117919179,4.8999980551219,9.58376040188545e-07,0.0010491150836736
"ENSG00000144820.8",126.927228004286,4.11114084843639,1.17178160970739,3.50845312332817,0.000450720656749242,0.0352817778426623
"ENSG00000145384.4",41.7470703671701,5.94048985335244,1.65356016011394,3.5925453434625,0.00032746365041926,0.0300728111443755
"ENSG00000145681.11",107.690680247416,3.49939962148747,0.937024215191939,3.73458824729589,0.000188022554493328,0.0218962265907187
"ENSG00000146054.18",420.306522411675,2.3484110207788,0.681345881511927,3.44672373386568,0.000567428507985704,0.0392832874029999
"ENSG00000147676.14",10650.9546574475,1.77221685455095,0.507249730547935,3.49377584220022,0.000476240707792028,0.036304399582575
"ENSG00000147689.16",2379.12435908205,4.41506147139702,1.09530894308004,4.0308823362491,5.55678580261893e-05,0.0118006739106029
"ENSG00000147804.10",2880.62491948323,2.1528798801943,0.644937070249795,3.33812394961333,0.000843461147351684,0.04821359226065
"ENSG00000148826.9",41.5807865816138,5.75333737063049,1.70626125366868,3.37189709855983,0.000746523345955867,0.0449013283709323
"ENSG00000149260.18",7144.4925924417,1.94287600278552,0.547132429841015,3.55101598227339,0.000383747113154599,0.0323138684483136
"ENSG00000151012.13",850.304140906718,2.88664735610287,0.629900742168082,4.58270194470195,4.59006069247159e-06,0.00278263788325587
"ENSG00000151715.8",2400.24157491186,2.4131026383024,0.6192352121673,3.89690797759486,9.74286173981458e-05,0.0159660417505093
"ENSG00000156453.14",8108.67108584937,1.41876151532031,0.399835004125833,3.54836745327534,0.000387627039079961,0.0325404576027647
"ENSG00000157214.14",2300.53361264162,1.38156643842285,0.385389856138048,3.58485418445462,0.000337266584086806,0.0303617585746829
"ENSG00000158373.8",741.781818771646,2.44001145392933,0.559412511480139,4.36173915287192,1.29032651136298e-05,0.00500998264674156
"ENSG00000159263.16",282.580322657023,3.9419203122536,0.860912778696335,4.57876849989703,4.677214989943e-06,0.00278263788325587
"ENSG00000160181.9",10587.7309048084,5.27017694427294,1.14963727017686,4.58420849861816,4.55709342807885e-06,0.00278263788325587
"ENSG00000160182.3",21269.2683240623,4.2660173295443,1.12477210121553,3.79278373364175,0.00014896788714658,0.0196000200362522
"ENSG00000160606.11",445.720152110404,1.79960242963867,0.465203557409064,3.86841932091297,0.000109543168803909,0.0168419544980707
"ENSG00000160868.15",62.4995461003808,3.91875248228464,1.03504383236173,3.78607394176049,0.000153046151375812,0.0196344179961166
"ENSG00000161798.7",3666.59586818901,4.16985786381116,0.98375857403201,4.23870040260049,2.24817442788855e-05,0.00723832818447365
"ENSG00000162078.11",1822.18670811051,2.82127454097016,0.801379924766403,3.52052060923854,0.000430700520947934,0.0343643765503851
"ENSG00000162460.7",25.0985132453544,3.69895305700509,1.09051515265954,3.39193182963492,0.000694017050438325,0.0430684004973824
"ENSG00000162482.5",1384.4300143705,2.63088469712076,0.729963504849501,3.60413182253979,0.000313198075307734,0.0294546107455215
"ENSG00000162543.6",870.499808951941,1.74530992165654,0.5182867155235,3.36746026741911,0.000758639572862627,0.0451341069359381
"ENSG00000162545.6",7222.77339522366,1.42487686717299,0.391533161738934,3.63922396980277,0.000273460885989619,0.0269626605500968
"ENSG00000163283.7",110.700242041918,7.79812262758626,1.59666319628786,4.88401226114336,1.03948606621034e-06,0.00109413904515302
"ENSG00000163286.9",96.102640568824,6.3370709538968,1.40392500544425,4.51382440609177,6.36689379711346e-06,0.00339357352609212
"ENSG00000163295.5",35.2690175537797,6.14492311652172,1.63747064265175,3.75269208281531,0.0001749456895957,0.0209988538910769
"ENSG00000163501.7",788.554607303513,3.64651902278241,0.905162211676471,4.0285807071294,5.61145971055439e-05,0.0118006739106029
"ENSG00000163586.10",109.10166741356,5.92923170840079,1.49001433039278,3.97931186798572,6.91150277501595e-05,0.0127802092191798
"ENSG00000163624.6",1949.82215667316,1.40777886734838,0.38847656326885,3.62384504100473,0.000290255544859624,0.0282684110184104
"ENSG00000163993.7",13816.5333350798,3.4071130029348,0.927901008580736,3.67184966006894,0.000240801330690675,0.0252574985008341
"ENSG00000164078.13",4159.41096599186,2.17898667819468,0.629149027031793,3.46338718582262,0.000533420223267571,0.0379629577028955
"ENSG00000164237.9",2521.96755759711,1.83988468713002,0.424948019403842,4.32966999048776,1.49332958887222e-05,0.00552269606198189
"ENSG00000164379.7",3282.61174903539,2.13467384327556,0.632018852809577,3.37754773261285,0.000731352587078217,0.0442920956881339
"ENSG00000164816.8",22.679073004172,20.783740819835,3.16521179635047,6.56630334936795,5.15796869393703e-11,2.82316258493949e-07
"ENSG00000165807.8",216.864796877447,1.62614790455007,0.457016515697606,3.55818192274268,0.000373430646987023,0.031928609296134
"ENSG00000166126.11",1493.81980944779,3.08619361691871,0.814492676864207,3.78909928177689,0.000151194484342611,0.0196344179961166
"ENSG00000166143.10",369.072103065864,4.15426005999424,0.813171225571072,5.10871502748612,3.24357127246988e-07,0.000493148972298241
"ENSG00000166391.15",166.318000547607,4.34223126722694,1.0905080340626,3.98184252806491,6.83830823498332e-05,0.0127308830929788
"ENSG00000166535.20",495.427044105375,6.37566178131396,1.35507050328392,4.70504063505402,2.53815394450731e-06,0.00193784677516984
"ENSG00000166589.13",46.0845440311087,3.93536241760255,1.15369162634147,3.4111042567607,0.000647003471538114,0.0415646572901023
"ENSG00000166866.13",823.746631733395,3.10774088182553,0.933080290924973,3.33062536209482,0.000866511363126307,0.0488655432940275
"ENSG00000166869.3",71.6087468230442,6.33220709579479,1.6296134956383,3.8857110061638,0.000102030826164395,0.0160864243512151
"ENSG00000166897.16",461.766173012773,2.69118281092964,0.752120289312017,3.57812819195628,0.000346063719542757,0.0306283062342212
"ENSG00000166959.8",941.137214166572,3.45311876687805,0.933847014884156,3.69773497354533,0.000217531828268125,0.0238127741768551
"ENSG00000167653.5",8224.11371784175,6.62620014378924,1.17004686470707,5.66319208542829,1.48582672905857e-08,4.13933766615753e-05
"ENSG00000167656.5",1045.26095414723,6.2511936493346,1.42017314910057,4.40171232169377,1.07399897637712e-05,0.00461290620003415
"ENSG00000167754.13",68.8026506604052,5.70248703685384,1.67839589097665,3.3975816239252,0.000679843034250648,0.0424777724162956
"ENSG00000167755.15",1700.54114659771,3.67707396895521,1.05776542881715,3.47626597426909,0.000508447763128684,0.0373706334547529
"ENSG00000168078.10",237.900284985007,1.81610044779321,0.517679389375356,3.50815675699309,0.00045122308784053,0.0352817778426623
"ENSG00000168453.15",938.432546657486,2.19840771643761,0.599357157472672,3.66794270999901,0.000244509950869821,0.0253554261420964
"ENSG00000168631.13",12474.9701616622,5.33282990016626,1.26841481225953,4.20432641484725,2.61860811458629e-05,0.00770574712600891
"ENSG00000168907.13",199.2891365141,2.89492138753198,0.765511338037176,3.78168322752051,0.000155771504381828,0.0197361053723032
"ENSG00000169247.14",239.002614887125,2.56653330953896,0.594821126760092,4.31479850676876,1.5974854172696e-05,0.00567771213174247
"ENSG00000169684.13",113.804963914774,2.41571840507967,0.589909740899763,4.09506444391828,4.22050974549269e-05,0.0105965770830182
"ENSG00000170231.16",156.465614767306,4.58110969777003,1.09327666408601,4.1902565455377,2.78639235492866e-05,0.00802686311340344
"ENSG00000170537.13",712.839042598087,1.83657936910266,0.549996447069503,3.33925678772715,0.000840028733127464,0.0481951076299776
"ENSG00000170545.17",1288.74046292801,1.69099456185835,0.48670697115967,3.47435862245664,0.000512076133501382,0.0373706334547529
"ENSG00000170786.12",1830.52081039069,2.81873845921336,0.819895092648722,3.43792575963255,0.000586188388624861,0.0397198683758268
"ENSG00000171243.8",159.36181540279,3.63816375578859,1.05362761728292,3.45298822478727,0.000554413203405487,0.0388349328197647
"ENSG00000171346.16",1024.9349633691,2.65932984833665,0.786900340398354,3.37950018802942,0.000726177577066685,0.0442612511171135
"ENSG00000172031.7",165.155870084817,2.00040767132569,0.599285486495822,3.33798784786629,0.000843874399563393,0.04821359226065
"ENSG00000172478.18",583.543819666804,3.0827359347244,0.710454210484206,4.33910572874693,1.43063686091476e-05,0.0053633204072129
"ENSG00000172818.10",343.518377873356,2.8385325235658,0.778569636837377,3.64582998008526,0.00026653015884278,0.0268166575626852
"ENSG00000172927.8",2781.56751349857,3.06399418594099,0.842030077135555,3.63881798185189,0.000273892292429067,0.0269626605500968
"ENSG00000173467.9",2098.93212652126,3.09091338302086,0.828591090074519,3.73032418529009,0.000191233550746057,0.0220379839060117
"ENSG00000173557.15",198.127894798103,3.3307037153766,0.718888791049897,4.6331279007874,3.60181856208295e-06,0.00243601462619627
"ENSG00000173702.7",10996.233053575,3.73259627765565,0.77311955898988,4.82796772407682,1.37933441805587e-06,0.0013481516078191
"ENSG00000174564.13",570.600312111511,3.42566805072345,0.996740144136159,3.43687175727467,0.000588474161033998,0.03976487003708
"ENSG00000174607.11",1383.93639127465,1.59013037837191,0.467710674270544,3.39981630919997,0.000674311367395325,0.0423254109896969
"ENSG00000175311.7",640.418057941581,3.15318624692639,0.771427595795926,4.08746882288164,4.36105260815617e-05,0.0107521555610279
"ENSG00000175318.12",183.818491793127,1.93660250897751,0.568941200001251,3.40387110121969,0.000664380972271527,0.0419910255615586
"ENSG00000175832.13",1752.46679760575,2.15105984069635,0.612000347135826,3.51480166761891,0.000440082523581136,0.034808492551575
"ENSG00000177202.3",60.9369516456299,3.13963425982643,0.799182476103826,3.92855743676059,8.54569417097998e-05,0.0144364205171117
"ENSG00000178462.12",22.9575398314037,4.51737004278731,1.16588434543655,3.87462964098369,0.000106786982532163,0.0165109567850718
"ENSG00000178597.7",292.78839749753,5.54296752066839,1.40167948848067,3.95451853738448,7.66889260736811e-05,0.0135047126124689
"ENSG00000179066.8",37.8733086953614,3.78654242754053,0.882122418287937,4.29253621610663,1.76643726851319e-05,0.00611925173764563
"ENSG00000179148.10",45.5905319628274,2.55573231204209,0.753647058914511,3.39115277079851,0.000695992934445967,0.0430933000836715
"ENSG00000179292.5",210.184446648784,3.43861068026168,0.891797351230187,3.85582069235606,0.000115342011998882,0.0172521061265481
"ENSG00000179546.4",313.812865439224,2.78906524460653,0.695215807548483,4.01179779620018,6.0258102783209e-05,0.0120094639678217
"ENSG00000179674.4",1543.77324284522,2.91971991087622,0.847930517152975,3.44334807134848,0.00057455931567107,0.0392832874029999
"ENSG00000179869.15",143.402134823647,2.72681843364581,0.79751724842177,3.41913411784132,0.000628207543182645,0.0410453094965097
"ENSG00000179913.11",5301.50928174003,2.66746810342767,0.556812964380182,4.7905998496227,1.66283449282088e-06,0.00151487975327237
"ENSG00000180251.5",234.612769493128,5.79915007412399,1.28667141607426,4.5070948197619,6.57212690038669e-06,0.00339357352609212
"ENSG00000180596.7",172.420004623767,2.66717851896524,0.636344894961125,4.19140396989935,2.77233528254776e-05,0.00802686311340344
"ENSG00000180745.5",586.255746798886,3.70702025087416,0.85379137739963,4.34183378867626,1.4129841124938e-05,0.0053633204072129
"ENSG00000180818.5",203.800418975409,5.43137135076552,1.33156645537114,4.07893374668385,4.52427270879266e-05,0.010907099954523
"ENSG00000181019.13",9950.25615724048,2.3544348458456,0.605506284408473,3.88837392190847,0.000100918069738681,0.0160864243512151
"ENSG00000181378.14",87.3027958883068,3.46988844269669,0.866493584609393,4.00451717627071,6.21442759490336e-05,0.0120753488610066
"ENSG00000182580.3",1871.73225417312,2.37166686952075,0.609020960682568,3.89422864339952,9.85116989474915e-05,0.0160041113676869
"ENSG00000183128.7",196.192870200388,4.43749165388657,1.1083465224677,4.00370422420474,6.23583207276024e-05,0.0120753488610066
"ENSG00000183856.11",1349.2988323298,2.30990606188825,0.612213377550167,3.77304081647411,0.000161269892042595,0.020061241525135
"ENSG00000184678.10",1471.57970345919,2.23842635730445,0.556094351993256,4.02526360730166,5.69115264368745e-05,0.0118006739106029
"ENSG00000185015.8",605.541386677897,1.47860099702774,0.427980533918676,3.45483235765275,0.000550635083522029,0.0387883276454824
"ENSG00000185332.8",122.133096124929,2.64367015419468,0.698933807718743,3.78243279263222,0.000155303032524896,0.0197361053723032
"ENSG00000185499.16",34397.4639842888,2.52795886680895,0.706479313388182,3.57824895775814,0.00034590389120613,0.0306283062342212
"ENSG00000187837.4",2399.93851213577,2.07310037175616,0.624309329445541,3.32063013313819,0.000898144769267412,0.0495554997994784
"ENSG00000187908.20",11437.0899971661,5.15390043578481,1.09560508273411,4.70415893190559,2.54914619454505e-06,0.00193784677516984
"ENSG00000188833.10",558.848306471052,3.21933744937722,0.840318805061504,3.83109056941977,0.000127576529965413,0.0182795125422171
"ENSG00000188993.3",462.979800646401,3.46394962813555,0.787920887462245,4.3963165379361,1.10103337992511e-05,0.00461290620003415
"ENSG00000189280.3",390.222245434593,3.60410161456448,0.927999772391416,3.88373114066274,0.000102865650654535,0.0160864243512151
"ENSG00000189366.9",81.4324120818009,3.32050352719176,0.787451394362019,4.21677268078492,2.47823570045973e-05,0.00766016122163866
"ENSG00000196420.7",37.5866046448069,2.36671374819435,0.60787133289554,3.89344524098664,9.88305192801215e-05,0.0160041113676869
"ENSG00000196754.13",3824.69943012217,4.46742488696061,1.16544280873222,3.83324248387643,0.000126465181275394,0.0182156453471773
"ENSG00000198088.10",162.816935985054,1.71071241810556,0.483645504943185,3.53712047485383,0.000404515099977428,0.0332443385618086
"ENSG00000198380.13",6894.46474661487,1.02397729994021,0.29736575384776,3.4434943724705,0.000574248544748453,0.0392832874029999
"ENSG00000198610.11",44.7340646238134,3.24455231484684,0.926575898153173,3.50165844083986,0.000462371958790084,0.0355686663832264
"ENSG00000198734.12",3904.94153006344,2.75434665698644,0.799775422017494,3.44390010140396,0.000573387519390241,0.0392832874029999
"ENSG00000198788.9",783.716051748789,7.38654949741214,1.59694942037766,4.62541230370672,3.73853963899014e-06,0.00243601462619627
"ENSG00000203499.12",893.490670035818,2.2264713190867,0.553176698161195,4.02488269388005,5.70037235845575e-05,0.0118006739106029
"ENSG00000203697.12",7070.35547685354,3.66039114426866,0.807397554030511,4.53356729407473,5.79957775530759e-06,0.00317711275465293
"ENSG00000203711.14",29.6049305033196,1.86683823743982,0.543852992398154,3.43261554783008,0.00059778909634437,0.0400243896938962
"ENSG00000204019.5",39.7162827527786,20.4838052277153,2.56507319384145,7.98566110195038,1.39771192058624e-15,1.27503940435612e-11
"ENSG00000204542.3",153.454979025696,5.2456286673913,1.45201730626847,3.61264886082661,0.00030308500688897,0.0288004423039252
"ENSG00000204610.13",932.939650144825,2.6952667533009,0.808668878872404,3.3329670817296,0.000859251080566269,0.0486855576021886
"ENSG00000204613.11",103.821142441316,2.72248042268592,0.691970850136102,3.93438599639052,8.34096467942654e-05,0.0142666987738666
"ENSG00000204614.9",16.0237322034164,5.80954236849828,1.51091956986822,3.84503747542629,0.000120534016166951,0.0176398632109141
"ENSG00000204839.9",2016.33542263901,2.2860391307564,0.64304502711091,3.55502186375218,0.000377947660079798,0.0319673651899865
"ENSG00000205420.11",4402.35248568603,4.91061954974426,1.34950964953941,3.63881766345298,0.000273892631012786,0.0269626605500968
"ENSG00000206069.6",18.2446355885916,3.70087719347378,1.09997939258862,3.36449684276756,0.000766833616182477,0.0452440917048029
"ENSG00000215182.8",21003.0234422964,4.56332582982349,1.20177573837611,3.79715256690874,0.000146367711653297,0.0194448794408532
"ENSG00000223572.10",317.480398259005,2.61630936938653,0.598992380985522,4.36785083156135,1.25475140888377e-05,0.00500998264674156
"ENSG00000224259.7",1619.87897347805,3.14677218906515,0.864278177938777,3.64092518981552,0.00027166007056047,0.0269626605500968
"ENSG00000224511.2",56.8114904020946,3.77173075678479,0.822628591523853,4.58497406441705,4.54042792377152e-06,0.00278263788325587
"ENSG00000226330.1",35.8864821789448,1.96085246512714,0.581881968635011,3.36984572614776,0.000752102782215093,0.0450738898368534
"ENSG00000226690.8",8.15840139903436,5.55835986550693,1.38540699978021,4.01207722090963,6.01868042632227e-05,0.0120094639678217
"ENSG00000228952.1",51.3505020826765,2.85046695023305,0.746606674934517,3.81789641846298,0.000134594409736462,0.0185097749309435
"ENSG00000230882.1",139.940178403858,2.81395723823761,0.794898841078138,3.54001929908588,0.000400097773006461,0.0330799871718061
"ENSG00000231226.1",27.3755666191816,2.83717075807866,0.832546841557452,3.4078211776903,0.000654837935133215,0.0417524903005547
"ENSG00000231324.1",13.5357071930909,4.3911410540999,1.31484712569698,3.33965901303714,0.000838813140659609,0.0481951076299776
"ENSG00000231566.2",19.4736412958045,2.13387347509117,0.623496329830638,3.42243149317463,0.000620637353897591,0.0408292847695081
"ENSG00000233217.2",198.067836172849,3.24856486632052,0.956355300466856,3.39681796580695,0.000681743019039324,0.0424994560411143
"ENSG00000233532.6",130.069616451749,3.59603810234966,0.963937276179199,3.73057271589644,0.000191044992465334,0.0220379839060117
"ENSG00000237289.10",394.76887018652,2.56730658167735,0.632622866225852,4.05819441366952,4.94535910771321e-05,0.011278303558399
"ENSG00000238133.6",151.456759347256,3.91283436339613,1.05621662858999,3.70457561212572,0.000211744941120004,0.0235561943237038
"ENSG00000240216.7",58.9385872931985,3.73875365555408,1.08356543557903,3.45041797457869,0.000559719228780237,0.0389766822748823
"ENSG00000241359.1",30.6088601921571,3.07762688200402,0.810240725968304,3.79841050118285,0.000145626994597936,0.0194408485910327
"ENSG00000241635.8",92.0077974228925,3.48008248340798,0.955801873394244,3.64100822595117,0.000271572458336759,0.0269626605500968
"ENSG00000242136.1",10.1909633463123,5.87831778581948,1.32702052710503,4.42971127104067,9.43593335580885e-06,0.00437683369743086
"ENSG00000242207.1",24.8863261255689,5.08179502088893,1.28603988814579,3.95150653391931,7.76607514565211e-05,0.0135372088223606
"ENSG00000243766.8",80.8340122750723,5.56850748330762,1.44541876268498,3.85252193140463,0.000116907502017919,0.017294225329658
"ENSG00000244280.1",37.9072878011773,4.91521421994415,1.2291705748103,3.99880563419991,6.36629329372897e-05,0.0120753488610066
"ENSG00000246228.6",129.264062126406,3.16416285803761,0.781760522832782,4.04748355234411,5.17712186232815e-05,0.0114082031777524
"ENSG00000249395.4",130.76425680955,6.21347428914178,1.46442675889736,4.24293960171844,2.20610824972368e-05,0.00718744815121287
"ENSG00000249464.6",157.184356781616,2.23774852578521,0.670663808504418,3.3366173892332,0.000848046066864389,0.0483509931497453
"ENSG00000249853.8",37.5407254620467,3.56145560554956,0.994599920178823,3.58079216908567,0.000342554056636021,0.0306283062342212
"ENSG00000250271.2",22.4304187253093,4.59422752121088,1.30837578424973,3.51139754840799,0.000445757243482681,0.0350547082827314
"ENSG00000251191.8",15.2789941022442,3.40344352646718,0.935197916269217,3.63927620801866,0.000273405423459765,0.0269626605500968
"ENSG00000253293.5",158.035013579414,3.66012828195727,0.9606649551291,3.80999459011742,0.000138969832653941,0.018921330399206
"ENSG00000254166.3",461.287464487214,3.63226141241864,0.899721203565823,4.03709660061702,5.41167892970789e-05,0.0116615289188438
"ENSG00000257588.1",149.487374553628,3.26738635082485,0.890390443263701,3.66961075957682,0.000242920070089653,0.0253554261420964
"ENSG00000258689.1",29.1531555432711,2.80041540519726,0.796693520969604,3.51504729420802,0.000439675679770609,0.034808492551575
"ENSG00000259341.2",228.308545972428,2.88189759590827,0.763421925143198,3.77497357751115,0.000160024624505738,0.020061241525135
"ENSG00000259439.2",69.1501103414412,5.20748835278254,1.2724162069414,4.09259825863126,4.26566393553758e-05,0.010612584083987
"ENSG00000259485.2",86.72382917897,4.82446931741718,1.3880714695043,3.4756634823278,0.000509591290543411,0.0373706334547529
"ENSG00000259933.6",54.2720015733389,2.56458613561419,0.682818801397739,3.75588096046044,0.00017273278743076,0.0208245735401657
"ENSG00000260284.1",41.5359166167268,4.19186525878173,1.18943472886963,3.52424992901077,0.000424683469209143,0.0341832720642548
"ENSG00000260328.1",28.4038470878743,2.55374680156702,0.723149747942298,3.53142182353467,0.000413332021127292,0.0335888312304744
"ENSG00000260963.2",23.2212617892754,3.07782686830553,0.873746084529208,3.52256441865937,0.000427393160241773,0.0342120228651826
"ENSG00000261104.1",31.126465085679,4.00849827258365,1.00271830249308,3.9976315009083,6.39794491484621e-05,0.0120753488610066
"ENSG00000261123.1",94.715849445221,2.97276784834185,0.681805069533946,4.36014336234535,1.2997726017417e-05,0.00500998264674156
"ENSG00000261583.1",8.70040695959135,4.93274757622275,1.38103226144047,3.57178301618944,0.000354559118392728,0.0309019725893433
"ENSG00000261762.1",54.2380564884849,2.05166299437068,0.610593035178616,3.36011529147317,0.000779099527331807,0.0456565669475151
"ENSG00000262714.1",40.0905283484209,2.86084371389416,0.856063857282096,3.34185784104589,0.000832196703481758,0.047946794071969
"ENSG00000265763.4",180.693764283839,3.08429446646947,0.757581389930151,4.07123842727161,4.67638539252534e-05,0.0109383452168582
"ENSG00000267374.2",21.8125727417093,2.65780432182675,0.735060466110908,3.61576284450283,0.000299464443454382,0.0286460203717653
"ENSG00000267795.6",940.010397657159,2.190944415037,0.637269447504688,3.43801891588548,0.000585986762471863,0.0397198683758268
"ENSG00000270919.1",8.50399238232842,4.88595826865544,1.4105827673107,3.4637870119246,0.00053262805334987,0.0379629577028955
"ENSG00000272068.1",298.621863511421,3.03683182385966,0.874480129673515,3.47272821967201,0.000515196780321117,0.037398913228244
"ENSG00000272468.1",26.4745635383746,2.80850919021415,0.815749814281872,3.44285605836952,0.00057560559245087,0.0392832874029999
"ENSG00000272620.2",1617.37826178325,4.63975987688182,0.877330870496538,5.28849494861144,1.23326894417544e-07,0.000241077651394639
"ENSG00000274414.1",65.4401175859856,3.23894205721955,0.677900468291946,4.77790207960833,1.77133599242576e-06,0.00151487975327237
"ENSG00000275216.2",324.148279862967,5.07142249724553,1.47748599675278,3.43246738608115,0.000598115814552363,0.0400243896938962
"ENSG00000277268.2",22.0908557312737,6.27705518826257,1.87081623736131,3.35524946967322,0.000792934424763789,0.0462524377204462
"ENSG00000278912.1",62.508561303272,3.96887118730239,0.985097755886254,4.02891100257533,5.60358253139009e-05,0.0118006739106029
"ENSG00000280032.1",68.8593516975341,2.97119939612921,0.807886658269905,3.67774286864949,0.000235306988730079,0.024959869614636
"ENSG00000280924.1",9.14496250128014,4.23157974606648,1.1763167489117,3.59731318114907,0.000321521269350149,0.0299761907081498
"ENSG00000287048.1",7.57514991332843,4.73178667650297,1.37844291339942,3.43270412616056,0.000597593847591309,0.0400243896938962
"ENSG00000287331.1",12.7682971778719,6.20696676009988,1.67720156628773,3.70078760052569,0.000214931326689059,0.0237178452318527
"ENSG00000287929.1",209.587155115563,2.76247807635737,0.793319564502395,3.48217565778819,0.00049735732150248,0.0368866607521907
